Query,Intent
cancer and side effects studies on adults,Research Studies
blood pressure > normal levels in recent tests,Diagnostic Data
Find records with cough and cough symptoms,Medical Records Filtering
What are the side effects of combining antibiotics and ibuprofen?,Drug Interactions
cholesterol > normal levels in recent tests,Diagnostic Data
Find records with headache and headache symptoms,Medical Records Filtering
hypertension and outcomes studies on adults,Research Studies
What are the side effects of combining aspirin and antibiotics?,Drug Interactions
What are the side effects of combining antibiotics and insulin?,Drug Interactions
heart rate > normal levels in recent tests,Diagnostic Data
Find records with headache and fatigue symptoms,Medical Records Filtering
What are the side effects of combining aspirin and aspirin?,Drug Interactions
asthma and side effects studies on adults,Research Studies
sugar level > normal levels in recent tests,Diagnostic Data
What are the side effects of combining aspirin and ibuprofen?,Drug Interactions
heart rate > normal levels in recent tests,Diagnostic Data
What are the side effects of combining acetaminophen and aspirin?,Drug Interactions
Find records with nausea and fever symptoms,Medical Records Filtering
What are the side effects of combining acetaminophen and aspirin?,Drug Interactions
Find records with nausea and headache symptoms,Medical Records Filtering
Find records with fatigue and nausea symptoms,Medical Records Filtering
Find records with cough and nausea symptoms,Medical Records Filtering
Find records with nausea and cough symptoms,Medical Records Filtering
heart disease and effectiveness studies on adults,Research Studies
cholesterol > normal levels in recent tests,Diagnostic Data
temperature > normal levels in recent tests,Diagnostic Data
cholesterol > normal levels in recent tests,Diagnostic Data
What are the side effects of combining insulin and acetaminophen?,Drug Interactions
What are the side effects of combining acetaminophen and insulin?,Drug Interactions
heart disease and effectiveness studies on adults,Research Studies
hypertension and effectiveness studies on adults,Research Studies
asthma and side effects studies on adults,Research Studies
Find records with nausea and nausea symptoms,Medical Records Filtering
diabetes and prevalence studies on adults,Research Studies
What are the side effects of combining acetaminophen and insulin?,Drug Interactions
asthma and outcomes studies on adults,Research Studies
blood pressure > normal levels in recent tests,Diagnostic Data
heart disease and outcomes studies on adults,Research Studies
diabetes and prevalence studies on adults,Research Studies
What are the side effects of combining acetaminophen and insulin?,Drug Interactions
Find records with cough and fever symptoms,Medical Records Filtering
cancer and treatment studies on adults,Research Studies
What are the side effects of combining antibiotics and antibiotics?,Drug Interactions
blood pressure > normal levels in recent tests,Diagnostic Data
Find records with cough and nausea symptoms,Medical Records Filtering
hypertension and prevalence studies on adults,Research Studies
sugar level > normal levels in recent tests,Diagnostic Data
temperature > normal levels in recent tests,Diagnostic Data
Find records with nausea and headache symptoms,Medical Records Filtering
hypertension and side effects studies on adults,Research Studies
cholesterol > normal levels in recent tests,Diagnostic Data
diabetes and effectiveness studies on adults,Research Studies
Find records with nausea and fatigue symptoms,Medical Records Filtering
asthma and treatment studies on adults,Research Studies
Find records with nausea and cough symptoms,Medical Records Filtering
What are the side effects of combining aspirin and acetaminophen?,Drug Interactions
Find records with fatigue and fatigue symptoms,Medical Records Filtering
Find records with fever and fever symptoms,Medical Records Filtering
What are the side effects of combining aspirin and insulin?,Drug Interactions
cholesterol > normal levels in recent tests,Diagnostic Data
heart rate > normal levels in recent tests,Diagnostic Data
What are the side effects of combining acetaminophen and insulin?,Drug Interactions
Find records with fatigue and nausea symptoms,Medical Records Filtering
temperature > normal levels in recent tests,Diagnostic Data
cancer and treatment studies on adults,Research Studies
Find records with nausea and nausea symptoms,Medical Records Filtering
sugar level > normal levels in recent tests,Diagnostic Data
What are the side effects of combining acetaminophen and ibuprofen?,Drug Interactions
Find records with headache and fatigue symptoms,Medical Records Filtering
Find records with fever and fatigue symptoms,Medical Records Filtering
Find records with headache and headache symptoms,Medical Records Filtering
What are the side effects of combining antibiotics and antibiotics?,Drug Interactions
blood pressure > normal levels in recent tests,Diagnostic Data
diabetes and treatment studies on adults,Research Studies
cholesterol > normal levels in recent tests,Diagnostic Data
heart rate > normal levels in recent tests,Diagnostic Data
sugar level > normal levels in recent tests,Diagnostic Data
Find records with fever and cough symptoms,Medical Records Filtering
heart disease and effectiveness studies on adults,Research Studies
cancer and effectiveness studies on adults,Research Studies
Find records with headache and fatigue symptoms,Medical Records Filtering
hypertension and side effects studies on adults,Research Studies
hypertension and side effects studies on adults,Research Studies
Find records with nausea and fever symptoms,Medical Records Filtering
sugar level > normal levels in recent tests,Diagnostic Data
Find records with nausea and cough symptoms,Medical Records Filtering
What are the side effects of combining antibiotics and acetaminophen?,Drug Interactions
asthma and effectiveness studies on adults,Research Studies
blood pressure > normal levels in recent tests,Diagnostic Data
Find records with headache and cough symptoms,Medical Records Filtering
Find records with cough and headache symptoms,Medical Records Filtering
temperature > normal levels in recent tests,Diagnostic Data
Find records with fever and nausea symptoms,Medical Records Filtering
heart rate > normal levels in recent tests,Diagnostic Data
cancer and outcomes studies on adults,Research Studies
Find records with cough and nausea symptoms,Medical Records Filtering
cholesterol > normal levels in recent tests,Diagnostic Data
Find records with fatigue and headache symptoms,Medical Records Filtering
cholesterol > normal levels in recent tests,Diagnostic Data
cancer and side effects studies on adults,Research Studies
What are the side effects of combining acetaminophen and insulin?,Drug Interactions
heart rate > normal levels in recent tests,Diagnostic Data
diabetes and outcomes studies on adults,Research Studies
What are the side effects of combining antibiotics and insulin?,Drug Interactions
What are the side effects of combining ibuprofen and acetaminophen?,Drug Interactions
asthma and effectiveness studies on adults,Research Studies
Find records with cough and fever symptoms,Medical Records Filtering
cancer and outcomes studies on adults,Research Studies
hypertension and treatment studies on adults,Research Studies
diabetes and side effects studies on adults,Research Studies
Find records with headache and nausea symptoms,Medical Records Filtering
What are the side effects of combining insulin and ibuprofen?,Drug Interactions
Find records with cough and fatigue symptoms,Medical Records Filtering
sugar level > normal levels in recent tests,Diagnostic Data
sugar level > normal levels in recent tests,Diagnostic Data
What are the side effects of combining insulin and ibuprofen?,Drug Interactions
temperature > normal levels in recent tests,Diagnostic Data
hypertension and treatment studies on adults,Research Studies
hypertension and prevalence studies on adults,Research Studies
diabetes and side effects studies on adults,Research Studies
What are the side effects of combining insulin and antibiotics?,Drug Interactions
blood pressure > normal levels in recent tests,Diagnostic Data
sugar level > normal levels in recent tests,Diagnostic Data
heart disease and outcomes studies on adults,Research Studies
Find records with headache and fever symptoms,Medical Records Filtering
Find records with fatigue and fever symptoms,Medical Records Filtering
Find records with fatigue and fever symptoms,Medical Records Filtering
Find records with nausea and headache symptoms,Medical Records Filtering
heart disease and prevalence studies on adults,Research Studies
cholesterol > normal levels in recent tests,Diagnostic Data
blood pressure > normal levels in recent tests,Diagnostic Data
What are the side effects of combining acetaminophen and acetaminophen?,Drug Interactions
sugar level > normal levels in recent tests,Diagnostic Data
cholesterol > normal levels in recent tests,Diagnostic Data
heart rate > normal levels in recent tests,Diagnostic Data
What are the side effects of combining acetaminophen and insulin?,Drug Interactions
What are the side effects of combining ibuprofen and antibiotics?,Drug Interactions
What are the side effects of combining acetaminophen and acetaminophen?,Drug Interactions
What are the side effects of combining insulin and insulin?,Drug Interactions
Find records with fever and headache symptoms,Medical Records Filtering
asthma and effectiveness studies on adults,Research Studies
diabetes and prevalence studies on adults,Research Studies
Find records with headache and nausea symptoms,Medical Records Filtering
sugar level > normal levels in recent tests,Diagnostic Data
temperature > normal levels in recent tests,Diagnostic Data
What are the side effects of combining acetaminophen and antibiotics?,Drug Interactions
asthma and effectiveness studies on adults,Research Studies
sugar level > normal levels in recent tests,Diagnostic Data
cancer and prevalence studies on adults,Research Studies
Find records with headache and fatigue symptoms,Medical Records Filtering
cholesterol > normal levels in recent tests,Diagnostic Data
Find records with nausea and fever symptoms,Medical Records Filtering
What are the side effects of combining insulin and ibuprofen?,Drug Interactions
What are the side effects of combining insulin and acetaminophen?,Drug Interactions
What are the side effects of combining insulin and ibuprofen?,Drug Interactions
diabetes and side effects studies on adults,Research Studies
heart disease and effectiveness studies on adults,Research Studies
Find records with fever and fatigue symptoms,Medical Records Filtering
hypertension and prevalence studies on adults,Research Studies
cholesterol > normal levels in recent tests,Diagnostic Data
temperature > normal levels in recent tests,Diagnostic Data
sugar level > normal levels in recent tests,Diagnostic Data
What are the side effects of combining acetaminophen and acetaminophen?,Drug Interactions
Find records with cough and nausea symptoms,Medical Records Filtering
Find records with cough and nausea symptoms,Medical Records Filtering
Find records with nausea and nausea symptoms,Medical Records Filtering
hypertension and outcomes studies on adults,Research Studies
What are the side effects of combining aspirin and acetaminophen?,Drug Interactions
What are the side effects of combining aspirin and insulin?,Drug Interactions
sugar level > normal levels in recent tests,Diagnostic Data
What are the side effects of combining insulin and acetaminophen?,Drug Interactions
What are the side effects of combining insulin and acetaminophen?,Drug Interactions
sugar level > normal levels in recent tests,Diagnostic Data
heart rate > normal levels in recent tests,Diagnostic Data
What are the side effects of combining antibiotics and antibiotics?,Drug Interactions
cancer and prevalence studies on adults,Research Studies
What are the side effects of combining antibiotics and ibuprofen?,Drug Interactions
What are the side effects of combining insulin and insulin?,Drug Interactions
Find records with nausea and headache symptoms,Medical Records Filtering
Find records with nausea and cough symptoms,Medical Records Filtering
What are the side effects of combining antibiotics and insulin?,Drug Interactions
What are the side effects of combining antibiotics and acetaminophen?,Drug Interactions
Find records with fatigue and fever symptoms,Medical Records Filtering
What are the side effects of combining ibuprofen and insulin?,Drug Interactions
cancer and treatment studies on adults,Research Studies
cholesterol > normal levels in recent tests,Diagnostic Data
sugar level > normal levels in recent tests,Diagnostic Data
What are the side effects of combining aspirin and ibuprofen?,Drug Interactions
What are the side effects of combining antibiotics and aspirin?,Drug Interactions
heart disease and outcomes studies on adults,Research Studies
What are the side effects of combining ibuprofen and ibuprofen?,Drug Interactions
heart rate > normal levels in recent tests,Diagnostic Data
What are the side effects of combining insulin and acetaminophen?,Drug Interactions
Find records with cough and nausea symptoms,Medical Records Filtering
Find records with cough and nausea symptoms,Medical Records Filtering
What are the side effects of combining antibiotics and aspirin?,Drug Interactions
temperature > normal levels in recent tests,Diagnostic Data
cancer and outcomes studies on adults,Research Studies
cholesterol > normal levels in recent tests,Diagnostic Data
temperature > normal levels in recent tests,Diagnostic Data
Find records with nausea and headache symptoms,Medical Records Filtering
Find records with nausea and nausea symptoms,Medical Records Filtering
heart rate > normal levels in recent tests,Diagnostic Data
Find records with cough and cough symptoms,Medical Records Filtering
hypertension and side effects studies on adults,Research Studies
asthma and side effects studies on adults,Research Studies
What are the side effects of combining aspirin and ibuprofen?,Drug Interactions
hypertension and treatment studies on adults,Research Studies
What are the side effects of combining antibiotics and ibuprofen?,Drug Interactions
hypertension and treatment studies on adults,Research Studies
temperature > normal levels in recent tests,Diagnostic Data
What are the side effects of combining antibiotics and aspirin?,Drug Interactions
hypertension and side effects studies on adults,Research Studies
Find records with headache and cough symptoms,Medical Records Filtering
heart disease and outcomes studies on adults,Research Studies
blood pressure > normal levels in recent tests,Diagnostic Data
hypertension and prevalence studies on adults,Research Studies
What are the side effects of combining aspirin and insulin?,Drug Interactions
cholesterol > normal levels in recent tests,Diagnostic Data
Find records with nausea and nausea symptoms,Medical Records Filtering
What are the side effects of combining aspirin and insulin?,Drug Interactions
diabetes and effectiveness studies on adults,Research Studies
Find records with fatigue and headache symptoms,Medical Records Filtering
sugar level > normal levels in recent tests,Diagnostic Data
cholesterol > normal levels in recent tests,Diagnostic Data
cholesterol > normal levels in recent tests,Diagnostic Data
What are the side effects of combining acetaminophen and insulin?,Drug Interactions
Find records with fatigue and headache symptoms,Medical Records Filtering
Find records with fever and nausea symptoms,Medical Records Filtering
What are the side effects of combining antibiotics and acetaminophen?,Drug Interactions
Find records with headache and fatigue symptoms,Medical Records Filtering
cancer and treatment studies on adults,Research Studies
What are the side effects of combining ibuprofen and ibuprofen?,Drug Interactions
temperature > normal levels in recent tests,Diagnostic Data
What are the side effects of combining ibuprofen and aspirin?,Drug Interactions
cholesterol > normal levels in recent tests,Diagnostic Data
Find records with fatigue and cough symptoms,Medical Records Filtering
hypertension and prevalence studies on adults,Research Studies
heart disease and outcomes studies on adults,Research Studies
hypertension and treatment studies on adults,Research Studies
diabetes and outcomes studies on adults,Research Studies
asthma and effectiveness studies on adults,Research Studies
hypertension and effectiveness studies on adults,Research Studies
heart disease and treatment studies on adults,Research Studies
heart rate > normal levels in recent tests,Diagnostic Data
What are the side effects of combining antibiotics and ibuprofen?,Drug Interactions
sugar level > normal levels in recent tests,Diagnostic Data
sugar level > normal levels in recent tests,Diagnostic Data
Find records with cough and nausea symptoms,Medical Records Filtering
What are the side effects of combining antibiotics and insulin?,Drug Interactions
Find records with fatigue and fatigue symptoms,Medical Records Filtering
Find records with headache and fever symptoms,Medical Records Filtering
What are the side effects of combining acetaminophen and insulin?,Drug Interactions
cancer and outcomes studies on adults,Research Studies
cholesterol > normal levels in recent tests,Diagnostic Data
What are the side effects of combining aspirin and acetaminophen?,Drug Interactions
Find records with nausea and nausea symptoms,Medical Records Filtering
sugar level > normal levels in recent tests,Diagnostic Data
hypertension and outcomes studies on adults,Research Studies
Find records with headache and cough symptoms,Medical Records Filtering
temperature > normal levels in recent tests,Diagnostic Data
What are the side effects of combining ibuprofen and aspirin?,Drug Interactions
Find records with cough and cough symptoms,Medical Records Filtering
Find records with cough and fatigue symptoms,Medical Records Filtering
What are the side effects of combining acetaminophen and insulin?,Drug Interactions
Find records with headache and cough symptoms,Medical Records Filtering
temperature > normal levels in recent tests,Diagnostic Data
temperature > normal levels in recent tests,Diagnostic Data
What are the side effects of combining antibiotics and acetaminophen?,Drug Interactions
diabetes and treatment studies on adults,Research Studies
Find records with fever and cough symptoms,Medical Records Filtering
blood pressure > normal levels in recent tests,Diagnostic Data
temperature > normal levels in recent tests,Diagnostic Data
sugar level > normal levels in recent tests,Diagnostic Data
cancer and treatment studies on adults,Research Studies
heart disease and outcomes studies on adults,Research Studies
Find records with fatigue and headache symptoms,Medical Records Filtering
What are the side effects of combining aspirin and antibiotics?,Drug Interactions
What are the side effects of combining aspirin and insulin?,Drug Interactions
hypertension and treatment studies on adults,Research Studies
cholesterol > normal levels in recent tests,Diagnostic Data
heart rate > normal levels in recent tests,Diagnostic Data
Find records with headache and headache symptoms,Medical Records Filtering
blood pressure > normal levels in recent tests,Diagnostic Data
diabetes and effectiveness studies on adults,Research Studies
Find records with nausea and headache symptoms,Medical Records Filtering
temperature > normal levels in recent tests,Diagnostic Data
sugar level > normal levels in recent tests,Diagnostic Data
Find records with headache and cough symptoms,Medical Records Filtering
What are the side effects of combining insulin and insulin?,Drug Interactions
sugar level > normal levels in recent tests,Diagnostic Data
cholesterol > normal levels in recent tests,Diagnostic Data
blood pressure > normal levels in recent tests,Diagnostic Data
What are the side effects of combining ibuprofen and aspirin?,Drug Interactions
What are the side effects of combining aspirin and aspirin?,Drug Interactions
heart disease and side effects studies on adults,Research Studies
asthma and treatment studies on adults,Research Studies
heart rate > normal levels in recent tests,Diagnostic Data
cholesterol > normal levels in recent tests,Diagnostic Data
temperature > normal levels in recent tests,Diagnostic Data
temperature > normal levels in recent tests,Diagnostic Data
Find records with nausea and fever symptoms,Medical Records Filtering
What are the side effects of combining insulin and aspirin?,Drug Interactions
What are the side effects of combining acetaminophen and acetaminophen?,Drug Interactions
Find records with headache and fatigue symptoms,Medical Records Filtering
asthma and side effects studies on adults,Research Studies
asthma and prevalence studies on adults,Research Studies
sugar level > normal levels in recent tests,Diagnostic Data
blood pressure > normal levels in recent tests,Diagnostic Data
cholesterol > normal levels in recent tests,Diagnostic Data
sugar level > normal levels in recent tests,Diagnostic Data
What are the side effects of combining aspirin and aspirin?,Drug Interactions
heart rate > normal levels in recent tests,Diagnostic Data
asthma and prevalence studies on adults,Research Studies
Find records with fatigue and fever symptoms,Medical Records Filtering
temperature > normal levels in recent tests,Diagnostic Data
sugar level > normal levels in recent tests,Diagnostic Data
cholesterol > normal levels in recent tests,Diagnostic Data
heart rate > normal levels in recent tests,Diagnostic Data
Find records with cough and cough symptoms,Medical Records Filtering
Find records with fever and nausea symptoms,Medical Records Filtering
cholesterol > normal levels in recent tests,Diagnostic Data
Find records with headache and headache symptoms,Medical Records Filtering
What are the side effects of combining antibiotics and ibuprofen?,Drug Interactions
Find records with headache and cough symptoms,Medical Records Filtering
Find records with fatigue and nausea symptoms,Medical Records Filtering
Find records with fever and nausea symptoms,Medical Records Filtering
heart rate > normal levels in recent tests,Diagnostic Data
Find records with fatigue and headache symptoms,Medical Records Filtering
heart rate > normal levels in recent tests,Diagnostic Data
hypertension and side effects studies on adults,Research Studies
sugar level > normal levels in recent tests,Diagnostic Data
Find records with cough and fatigue symptoms,Medical Records Filtering
sugar level > normal levels in recent tests,Diagnostic Data
diabetes and prevalence studies on adults,Research Studies
asthma and treatment studies on adults,Research Studies
What are the side effects of combining ibuprofen and insulin?,Drug Interactions
Find records with nausea and fatigue symptoms,Medical Records Filtering
cancer and prevalence studies on adults,Research Studies
cholesterol > normal levels in recent tests,Diagnostic Data
What are the side effects of combining aspirin and antibiotics?,Drug Interactions
What are the side effects of combining ibuprofen and acetaminophen?,Drug Interactions
Find records with cough and cough symptoms,Medical Records Filtering
asthma and effectiveness studies on adults,Research Studies
What are the side effects of combining insulin and insulin?,Drug Interactions
hypertension and outcomes studies on adults,Research Studies
temperature > normal levels in recent tests,Diagnostic Data
Find records with nausea and nausea symptoms,Medical Records Filtering
heart rate > normal levels in recent tests,Diagnostic Data
asthma and effectiveness studies on adults,Research Studies
Find records with fatigue and headache symptoms,Medical Records Filtering
temperature > normal levels in recent tests,Diagnostic Data
asthma and effectiveness studies on adults,Research Studies
heart rate > normal levels in recent tests,Diagnostic Data
sugar level > normal levels in recent tests,Diagnostic Data
heart disease and outcomes studies on adults,Research Studies
Find records with cough and fever symptoms,Medical Records Filtering
cholesterol > normal levels in recent tests,Diagnostic Data
heart disease and side effects studies on adults,Research Studies
heart disease and outcomes studies on adults,Research Studies
Find records with headache and headache symptoms,Medical Records Filtering
heart disease and prevalence studies on adults,Research Studies
Find records with cough and fever symptoms,Medical Records Filtering
Find records with cough and fatigue symptoms,Medical Records Filtering
sugar level > normal levels in recent tests,Diagnostic Data
What are the side effects of combining insulin and antibiotics?,Drug Interactions
heart rate > normal levels in recent tests,Diagnostic Data
Find records with fatigue and fever symptoms,Medical Records Filtering
Find records with headache and fever symptoms,Medical Records Filtering
cancer and outcomes studies on adults,Research Studies
cancer and treatment studies on adults,Research Studies
asthma and side effects studies on adults,Research Studies
What are the side effects of combining ibuprofen and aspirin?,Drug Interactions
Find records with fatigue and fatigue symptoms,Medical Records Filtering
temperature > normal levels in recent tests,Diagnostic Data
cancer and effectiveness studies on adults,Research Studies
Find records with headache and headache symptoms,Medical Records Filtering
cholesterol > normal levels in recent tests,Diagnostic Data
What are the side effects of combining ibuprofen and insulin?,Drug Interactions
Find records with headache and fatigue symptoms,Medical Records Filtering
Find records with cough and nausea symptoms,Medical Records Filtering
What are the side effects of combining insulin and ibuprofen?,Drug Interactions
heart disease and prevalence studies on adults,Research Studies
What are the side effects of combining antibiotics and acetaminophen?,Drug Interactions
heart rate > normal levels in recent tests,Diagnostic Data
What are the side effects of combining antibiotics and antibiotics?,Drug Interactions
What are the side effects of combining ibuprofen and antibiotics?,Drug Interactions
Find records with fatigue and cough symptoms,Medical Records Filtering
What are the side effects of combining acetaminophen and acetaminophen?,Drug Interactions
cholesterol > normal levels in recent tests,Diagnostic Data
Find records with fatigue and fatigue symptoms,Medical Records Filtering
What are the side effects of combining insulin and acetaminophen?,Drug Interactions
heart disease and side effects studies on adults,Research Studies
Find records with headache and nausea symptoms,Medical Records Filtering
asthma and side effects studies on adults,Research Studies
Find records with fever and headache symptoms,Medical Records Filtering
cancer and prevalence studies on adults,Research Studies
diabetes and side effects studies on adults,Research Studies
heart disease and outcomes studies on adults,Research Studies
Find records with headache and headache symptoms,Medical Records Filtering
heart disease and prevalence studies on adults,Research Studies
Find records with nausea and nausea symptoms,Medical Records Filtering
temperature > normal levels in recent tests,Diagnostic Data
hypertension and treatment studies on adults,Research Studies
Find records with headache and headache symptoms,Medical Records Filtering
Find records with fatigue and cough symptoms,Medical Records Filtering
temperature > normal levels in recent tests,Diagnostic Data
Find records with fever and headache symptoms,Medical Records Filtering
Find records with headache and cough symptoms,Medical Records Filtering
Find records with cough and fever symptoms,Medical Records Filtering
Find records with headache and fatigue symptoms,Medical Records Filtering
Find records with cough and nausea symptoms,Medical Records Filtering
Find records with cough and headache symptoms,Medical Records Filtering
sugar level > normal levels in recent tests,Diagnostic Data
Find records with nausea and fever symptoms,Medical Records Filtering
heart rate > normal levels in recent tests,Diagnostic Data
hypertension and side effects studies on adults,Research Studies
What are the side effects of combining aspirin and aspirin?,Drug Interactions
sugar level > normal levels in recent tests,Diagnostic Data
Find records with headache and headache symptoms,Medical Records Filtering
hypertension and outcomes studies on adults,Research Studies
asthma and outcomes studies on adults,Research Studies
hypertension and prevalence studies on adults,Research Studies
What are the side effects of combining acetaminophen and insulin?,Drug Interactions
What are the side effects of combining antibiotics and aspirin?,Drug Interactions
Find records with fatigue and nausea symptoms,Medical Records Filtering
blood pressure > normal levels in recent tests,Diagnostic Data
temperature > normal levels in recent tests,Diagnostic Data
blood pressure > normal levels in recent tests,Diagnostic Data
Find records with headache and nausea symptoms,Medical Records Filtering
cancer and prevalence studies on adults,Research Studies
cancer and treatment studies on adults,Research Studies
What are the side effects of combining antibiotics and insulin?,Drug Interactions
asthma and treatment studies on adults,Research Studies
temperature > normal levels in recent tests,Diagnostic Data
temperature > normal levels in recent tests,Diagnostic Data
hypertension and outcomes studies on adults,Research Studies
Find records with nausea and fatigue symptoms,Medical Records Filtering
What are the side effects of combining aspirin and ibuprofen?,Drug Interactions
What are the side effects of combining antibiotics and insulin?,Drug Interactions
asthma and treatment studies on adults,Research Studies
What are the side effects of combining insulin and insulin?,Drug Interactions
Find records with fever and fever symptoms,Medical Records Filtering
heart disease and treatment studies on adults,Research Studies
cholesterol > normal levels in recent tests,Diagnostic Data
cancer and treatment studies on adults,Research Studies
asthma and prevalence studies on adults,Research Studies
temperature > normal levels in recent tests,Diagnostic Data
cholesterol > normal levels in recent tests,Diagnostic Data
What are the side effects of combining insulin and ibuprofen?,Drug Interactions
cancer and treatment studies on adults,Research Studies
Find records with headache and fever symptoms,Medical Records Filtering
temperature > normal levels in recent tests,Diagnostic Data
heart disease and treatment studies on adults,Research Studies
What are the side effects of combining aspirin and ibuprofen?,Drug Interactions
temperature > normal levels in recent tests,Diagnostic Data
blood pressure > normal levels in recent tests,Diagnostic Data
asthma and prevalence studies on adults,Research Studies
sugar level > normal levels in recent tests,Diagnostic Data
heart disease and effectiveness studies on adults,Research Studies
Find records with cough and cough symptoms,Medical Records Filtering
What are the side effects of combining aspirin and aspirin?,Drug Interactions
diabetes and effectiveness studies on adults,Research Studies
hypertension and effectiveness studies on adults,Research Studies
cancer and effectiveness studies on adults,Research Studies
What are the side effects of combining acetaminophen and aspirin?,Drug Interactions
cancer and outcomes studies on adults,Research Studies
Find records with headache and nausea symptoms,Medical Records Filtering
What are the side effects of combining insulin and insulin?,Drug Interactions
hypertension and outcomes studies on adults,Research Studies
Find records with fatigue and headache symptoms,Medical Records Filtering
sugar level > normal levels in recent tests,Diagnostic Data
Find records with headache and cough symptoms,Medical Records Filtering
asthma and side effects studies on adults,Research Studies
heart disease and treatment studies on adults,Research Studies
Find records with headache and nausea symptoms,Medical Records Filtering
What are the side effects of combining insulin and ibuprofen?,Drug Interactions
sugar level > normal levels in recent tests,Diagnostic Data
What are the side effects of combining ibuprofen and acetaminophen?,Drug Interactions
What are the side effects of combining antibiotics and ibuprofen?,Drug Interactions
What are the side effects of combining acetaminophen and insulin?,Drug Interactions
Find records with nausea and fever symptoms,Medical Records Filtering
hypertension and effectiveness studies on adults,Research Studies
What are the side effects of combining antibiotics and acetaminophen?,Drug Interactions
Find records with headache and headache symptoms,Medical Records Filtering
What are the side effects of combining aspirin and antibiotics?,Drug Interactions
heart rate > normal levels in recent tests,Diagnostic Data
asthma and outcomes studies on adults,Research Studies
Find records with headache and nausea symptoms,Medical Records Filtering
Find records with cough and headache symptoms,Medical Records Filtering
Find records with cough and headache symptoms,Medical Records Filtering
heart disease and prevalence studies on adults,Research Studies
Find records with cough and headache symptoms,Medical Records Filtering
diabetes and prevalence studies on adults,Research Studies
What are the side effects of combining antibiotics and acetaminophen?,Drug Interactions
hypertension and effectiveness studies on adults,Research Studies
cancer and treatment studies on adults,Research Studies
Find records with nausea and fatigue symptoms,Medical Records Filtering
What are the side effects of combining antibiotics and antibiotics?,Drug Interactions
blood pressure > normal levels in recent tests,Diagnostic Data
